workload,replicate,bytes,byte_entropy,chunks_2016,chunks_2020,shared_internal_boundaries,boundary_overlap_coefficient,boundary_jaccard,exact_chunk_overlap_coefficient,positional_byte_reuse,divergence_episodes,divergent_byte_fraction,episode_median_bytes,episode_p95_bytes,episode_max_bytes,content_addressed_migration_reuse
uniform,1,1048576,7.999837412190573,115,110,50,0.45871559633027525,0.28901734104046245,0.2727272727272727,0.2776613235473633,21,0.7223386764526367,26991,86850,87679,0.2776613235473633
ascii64,1,1048576,6.087410926874154,110,110,52,0.47706422018348627,0.3132530120481928,0.2909090909090909,0.3174095153808594,21,0.6825904846191406,30614,58504,68013,0.3174095153808594
repeated_text,1,1048576,4.962988099828202,128,128,127,1.0,1.0,1.0,1.0,0,0.0,0,0,0,1.0
source_like,1,1048576,4.483600715563717,113,109,55,0.5092592592592593,0.3333333333333333,0.3577981651376147,0.3976888656616211,17,0.6023111343383789,28179,82652.59999999999,90483,0.3976888656616211
low_entropy,1,1048576,0.15072123576180121,16,16,15,1.0,1.0,1.0,1.0,0,0.0,0,0,0,1.0
repeated_blocks,1,1048576,7.980296692727983,129,128,0,0.0,0.0,0.0,0.0,1,1.0,1048576,1048576,1048576,0.0
uniform,2,1048576,7.999842237228089,105,107,65,0.625,0.4482758620689655,0.4857142857142857,0.5185356140136719,15,0.4814643859863281,30854,69279.40000000001,76425,0.5185356140136719
ascii64,2,1048576,6.087410378983183,117,117,61,0.5258620689655172,0.3567251461988304,0.36752136752136755,0.3994464874267578,19,0.6005535125732422,28725,69719.40000000002,84303,0.3994464874267578
repeated_text,2,1048576,4.22393970837023,16,16,15,1.0,1.0,1.0,1.0,0,0.0,0,0,0,1.0
source_like,2,1048576,4.483939732309448,114,110,56,0.5137614678899083,0.3373493975903614,0.36363636363636365,0.3976888656616211,17,0.6023111343383789,28179,82652.59999999999,90483,0.3976888656616211
low_entropy,2,1048576,0.1493177235825571,16,16,15,1.0,1.0,1.0,1.0,0,0.0,0,0,0,1.0
repeated_blocks,2,1048576,7.976567907658238,128,128,127,1.0,1.0,1.0,1.0,0,0.0,0,0,0,1.0
uniform,3,1048576,7.999818551351842,114,115,52,0.46017699115044247,0.29714285714285715,0.30701754385964913,0.3343467712402344,18,0.6656532287597656,28332.0,81719.44999999984,179081,0.3343467712402344
ascii64,3,1048576,6.087417919907059,109,112,61,0.5648148148148148,0.3860759493670886,0.43119266055045874,0.46732234954833984,15,0.5326776504516602,27328,83769.30000000005,127583,0.46732234954833984
repeated_text,3,1048576,4.646249246135156,16,16,15,1.0,1.0,1.0,1.0,0,0.0,0,0,0,1.0
source_like,3,1048576,4.484032533530791,115,111,57,0.5181818181818182,0.3413173652694611,0.36936936936936937,0.3976888656616211,17,0.6023111343383789,28179,82652.59999999999,90483,0.3976888656616211
low_entropy,3,1048576,0.1493177235825571,16,16,15,1.0,1.0,1.0,1.0,0,0.0,0,0,0,1.0
repeated_blocks,3,1048576,7.974909917676814,129,128,0,0.0,0.0,0.0,0.0,1,1.0,1048576,1048576,1048576,0.0
uniform,4,1048576,7.999846506580342,110,115,67,0.6146788990825688,0.42948717948717946,0.4727272727272727,0.5030527114868164,16,0.4969472885131836,22004.5,63780.75,69897,0.5030527114868164
ascii64,4,1048576,6.087417997501456,115,113,59,0.5267857142857143,0.3532934131736527,0.34513274336283184,0.3801403045654297,21,0.6198596954345703,24109,77905,78558,0.3801403045654297
repeated_text,4,1048576,4.962988099828202,128,128,127,1.0,1.0,1.0,1.0,0,0.0,0,0,0,1.0
source_like,4,1048576,4.484171214597461,116,111,57,0.5181818181818182,0.3392857142857143,0.36036036036036034,0.3941211700439453,18,0.6058788299560547,25683.5,82163.19999999998,90483,0.3941211700439453
low_entropy,4,1048576,0.1464511626799173,17,17,16,1.0,1.0,1.0,1.0,0,0.0,0,0,0,1.0
repeated_blocks,4,1048576,7.9775551395950055,128,128,127,1.0,1.0,1.0,1.0,0,0.0,0,0,0,1.0
uniform,5,1048576,7.999840626292311,113,108,64,0.5981308411214953,0.4129032258064516,0.46296296296296297,0.48010921478271484,15,0.5198907852172852,38740,58114.80000000002,67093,0.48010921478271484
ascii64,5,1048576,6.087413808685309,115,113,55,0.49107142857142855,0.3216374269005848,0.30973451327433627,0.3344755172729492,21,0.6655244827270508,20054,78413,106364,0.3344755172729492
repeated_text,5,1048576,4.22393970837023,16,16,15,1.0,1.0,1.0,1.0,0,0.0,0,0,0,1.0
source_like,5,1048576,4.484271929146584,116,111,56,0.509090909090909,0.33136094674556216,0.35135135135135137,0.38323974609375,18,0.61676025390625,25683.5,82163.19999999998,90483,0.38323974609375
low_entropy,5,1048576,0.15259567259406168,16,16,15,1.0,1.0,1.0,1.0,0,0.0,0,0,0,1.0
repeated_blocks,5,1048576,7.972848359120695,128,128,127,1.0,1.0,1.0,1.0,0,0.0,0,0,0,1.0
