pair,file,bytes,boundary_jaccard,boundary_exact_identity,divergent_byte_fraction,content_addressed_migration_reuse
published_pre_mask,archive/zip/reader.go,28825,0.6666666666666666,0,0.6074934952298352,0.3925065047701648
published_pre_mask,archive/zip/register.go,3750,1.0,1,0.0,1.0
published_pre_mask,archive/zip/struct.go,12393,0.5,0,0.29782941983377714,0.7021705801662229
published_pre_mask,archive/zip/writer.go,19809,0.0,0,1.0,0.0
published_pre_mask,compress/flate/deflate.go,20800,1.0,1,0.0,1.0
published_pre_mask,compress/flate/deflatefast.go,9580,1.0,1,0.0,1.0
published_pre_mask,compress/flate/dict_decoder.go,6150,1.0,1,0.0,1.0
published_pre_mask,compress/flate/huffman_bit_writer.go,18824,1.0,1,0.0,1.0
published_pre_mask,compress/flate/huffman_code.go,9911,1.0,1,0.0,1.0
published_pre_mask,compress/flate/inflate.go,20878,0.3333333333333333,0,0.5105853051058531,0.48941469489414696
published_pre_mask,compress/flate/token.go,3680,1.0,1,0.0,1.0
published_pre_mask,crypto/tls/alert.go,4398,0.0,0,1.0,0.0
published_pre_mask,crypto/tls/auth.go,10224,1.0,1,0.0,1.0
published_pre_mask,crypto/tls/boring.go,393,1.0,1,0.0,1.0
published_pre_mask,crypto/tls/cache.go,3511,1.0,1,0.0,1.0
published_pre_mask,crypto/tls/cipher_suites.go,26149,1.0,1,0.0,1.0
published_pre_mask,crypto/tls/common.go,60569,0.8333333333333334,0,0.05960144628440291,0.9403985537155971
published_pre_mask,crypto/tls/common_string.go,3472,1.0,1,0.0,1.0
published_pre_mask,crypto/tls/conn.go,53074,0.8,0,0.14747333911142932,0.8525266608885707
published_pre_mask,crypto/tls/defaults.go,3965,1.0,1,0.0,1.0
published_pre_mask,crypto/tls/ech.go,7597,0.0,0,1.0,0.0
published_pre_mask,crypto/tls/generate_cert.go,4947,0.0,0,1.0,0.0
published_pre_mask,crypto/tls/handshake_client.go,39533,0.5,0,0.5631497736068601,0.4368502263931399
published_pre_mask,crypto/tls/handshake_client_tls13.go,28547,0.5,0,0.3376536939082916,0.6623463060917084
published_pre_mask,crypto/tls/handshake_messages.go,53049,1.0,1,0.0,1.0
published_pre_mask,crypto/tls/handshake_server.go,28276,0.0,0,1.0,0.0
published_pre_mask,crypto/tls/handshake_server_tls13.go,31291,0.0,0,1.0,0.0
published_pre_mask,crypto/tls/key_agreement.go,12131,1.0,1,0.0,1.0
published_pre_mask,crypto/tls/key_schedule.go,6618,1.0,1,0.0,1.0
published_pre_mask,crypto/tls/notboring.go,237,1.0,1,0.0,1.0
published_pre_mask,crypto/tls/prf.go,9451,1.0,1,0.0,1.0
published_pre_mask,crypto/tls/quic.go,15422,1.0,1,0.0,1.0
published_pre_mask,crypto/tls/ticket.go,12857,0.0,0,1.0,0.0
published_pre_mask,crypto/tls/tls.go,12515,1.0,1,0.0,1.0
published_pre_mask,encoding/json/decode.go,36112,0.5,0,0.48438192290651305,0.515618077093487
published_pre_mask,encoding/json/encode.go,37130,0.3333333333333333,0,0.46100188526797736,0.5389981147320226
published_pre_mask,encoding/json/fold.go,1089,1.0,1,0.0,1.0
published_pre_mask,encoding/json/indent.go,5490,1.0,1,0.0,1.0
published_pre_mask,encoding/json/scanner.go,16524,1.0,1,0.0,1.0
published_pre_mask,encoding/json/stream.go,13221,1.0,1,0.0,1.0
published_pre_mask,encoding/json/tables.go,4260,1.0,1,0.0,1.0
published_pre_mask,encoding/json/tags.go,972,1.0,1,0.0,1.0
published_pre_mask,net/http/client.go,34507,1.0,1,0.0,1.0
published_pre_mask,net/http/clone.go,3117,1.0,1,0.0,1.0
published_pre_mask,net/http/cookie.go,14227,0.5,0,0.3578407253813172,0.6421592746186828
published_pre_mask,net/http/doc.go,3502,1.0,1,0.0,1.0
published_pre_mask,net/http/filetransport.go,3659,1.0,1,0.0,1.0
published_pre_mask,net/http/fs.go,32895,0.6666666666666666,0,0.4272989816081471,0.5727010183918528
published_pre_mask,net/http/h2_bundle.go,372864,0.38596491228070173,0,0.5727316125986955,0.4272683874013045
published_pre_mask,net/http/h2_error.go,812,1.0,1,0.0,1.0
published_pre_mask,net/http/header.go,7832,1.0,1,0.0,1.0
published_pre_mask,net/http/http.go,5250,1.0,1,0.0,1.0
published_pre_mask,net/http/jar.go,900,1.0,1,0.0,1.0
published_pre_mask,net/http/mapping.go,1719,1.0,1,0.0,1.0
published_pre_mask,net/http/method.go,517,1.0,1,0.0,1.0
published_pre_mask,net/http/omithttp2.go,1954,1.0,1,0.0,1.0
published_pre_mask,net/http/pattern.go,15661,0.5,0,0.4638273418044825,0.5361726581955175
published_pre_mask,net/http/request.go,50649,0.42857142857142855,0,0.43386838831961144,0.5661316116803885
published_pre_mask,net/http/response.go,11362,1.0,1,0.0,1.0
published_pre_mask,net/http/responsecontroller.go,4267,1.0,1,0.0,1.0
published_pre_mask,net/http/roundtrip.go,988,1.0,1,0.0,1.0
published_pre_mask,net/http/roundtrip_js.go,12084,1.0,1,0.0,1.0
published_pre_mask,net/http/routing_index.go,4048,1.0,1,0.0,1.0
published_pre_mask,net/http/routing_tree.go,7710,0.0,0,1.0,0.0
published_pre_mask,net/http/servemux121.go,5920,1.0,1,0.0,1.0
published_pre_mask,net/http/server.go,126479,0.20833333333333334,0,0.6650432087540225,0.3349567912459776
published_pre_mask,net/http/sniff.go,8094,1.0,1,0.0,1.0
published_pre_mask,net/http/socks_bundle.go,13212,0.0,0,1.0,0.0
published_pre_mask,net/http/status.go,7629,1.0,1,0.0,1.0
published_pre_mask,net/http/transfer.go,31838,0.3333333333333333,0,0.43033482002638357,0.5696651799736164
published_pre_mask,net/http/transport.go,93192,0.5,0,0.3740664434715426,0.6259335565284574
published_pre_mask,net/http/transport_default_other.go,362,1.0,1,0.0,1.0
published_pre_mask,net/http/transport_default_wasm.go,364,1.0,1,0.0,1.0
published_pre_mask,net/http/triv.go,3299,1.0,1,0.0,1.0
public_gear_table,archive/zip/reader.go,28825,0.0,0,1.0,0.0
public_gear_table,archive/zip/register.go,3750,1.0,1,0.0,1.0
public_gear_table,archive/zip/struct.go,12393,0.0,0,1.0,0.0
public_gear_table,archive/zip/writer.go,19809,0.0,0,1.0,0.0
public_gear_table,compress/flate/deflate.go,20800,0.0,0,1.0,0.0
public_gear_table,compress/flate/deflatefast.go,9580,0.0,0,1.0,0.0
public_gear_table,compress/flate/dict_decoder.go,6150,1.0,1,0.0,1.0
public_gear_table,compress/flate/huffman_bit_writer.go,18824,0.0,0,1.0,0.0
public_gear_table,compress/flate/huffman_code.go,9911,1.0,1,0.0,1.0
public_gear_table,compress/flate/inflate.go,20878,0.0,0,1.0,0.0
public_gear_table,compress/flate/token.go,3680,1.0,1,0.0,1.0
public_gear_table,crypto/tls/alert.go,4398,0.0,0,1.0,0.0
public_gear_table,crypto/tls/auth.go,10224,1.0,1,0.0,1.0
public_gear_table,crypto/tls/boring.go,393,1.0,1,0.0,1.0
public_gear_table,crypto/tls/cache.go,3511,1.0,1,0.0,1.0
public_gear_table,crypto/tls/cipher_suites.go,26149,0.0,0,1.0,0.0
public_gear_table,crypto/tls/common.go,60569,0.0,0,1.0,0.0
public_gear_table,crypto/tls/common_string.go,3472,1.0,1,0.0,1.0
public_gear_table,crypto/tls/conn.go,53074,0.0,0,1.0,0.0
public_gear_table,crypto/tls/defaults.go,3965,1.0,1,0.0,1.0
public_gear_table,crypto/tls/ech.go,7597,0.0,0,1.0,0.0
public_gear_table,crypto/tls/generate_cert.go,4947,1.0,1,0.0,1.0
public_gear_table,crypto/tls/handshake_client.go,39533,0.0,0,1.0,0.0
public_gear_table,crypto/tls/handshake_client_tls13.go,28547,0.0,0,1.0,0.0
public_gear_table,crypto/tls/handshake_messages.go,53049,0.0,0,1.0,0.0
public_gear_table,crypto/tls/handshake_server.go,28276,0.0,0,1.0,0.0
public_gear_table,crypto/tls/handshake_server_tls13.go,31291,0.0,0,1.0,0.0
public_gear_table,crypto/tls/key_agreement.go,12131,0.0,0,1.0,0.0
public_gear_table,crypto/tls/key_schedule.go,6618,1.0,1,0.0,1.0
public_gear_table,crypto/tls/notboring.go,237,1.0,1,0.0,1.0
public_gear_table,crypto/tls/prf.go,9451,0.0,0,1.0,0.0
public_gear_table,crypto/tls/quic.go,15422,0.0,0,1.0,0.0
public_gear_table,crypto/tls/ticket.go,12857,0.0,0,1.0,0.0
public_gear_table,crypto/tls/tls.go,12515,0.0,0,1.0,0.0
public_gear_table,encoding/json/decode.go,36112,0.0,0,1.0,0.0
public_gear_table,encoding/json/encode.go,37130,0.0,0,1.0,0.0
public_gear_table,encoding/json/fold.go,1089,1.0,1,0.0,1.0
public_gear_table,encoding/json/indent.go,5490,1.0,1,0.0,1.0
public_gear_table,encoding/json/scanner.go,16524,0.0,0,1.0,0.0
public_gear_table,encoding/json/stream.go,13221,0.0,0,1.0,0.0
public_gear_table,encoding/json/tables.go,4260,1.0,1,0.0,1.0
public_gear_table,encoding/json/tags.go,972,1.0,1,0.0,1.0
public_gear_table,net/http/client.go,34507,0.0,0,1.0,0.0
public_gear_table,net/http/clone.go,3117,1.0,1,0.0,1.0
public_gear_table,net/http/cookie.go,14227,0.0,0,1.0,0.0
public_gear_table,net/http/doc.go,3502,1.0,1,0.0,1.0
public_gear_table,net/http/filetransport.go,3659,1.0,1,0.0,1.0
public_gear_table,net/http/fs.go,32895,0.0,0,1.0,0.0
public_gear_table,net/http/h2_bundle.go,372864,0.0,0,1.0,0.0
public_gear_table,net/http/h2_error.go,812,1.0,1,0.0,1.0
public_gear_table,net/http/header.go,7832,0.0,0,1.0,0.0
public_gear_table,net/http/http.go,5250,1.0,1,0.0,1.0
public_gear_table,net/http/jar.go,900,1.0,1,0.0,1.0
public_gear_table,net/http/mapping.go,1719,1.0,1,0.0,1.0
public_gear_table,net/http/method.go,517,1.0,1,0.0,1.0
public_gear_table,net/http/omithttp2.go,1954,1.0,1,0.0,1.0
public_gear_table,net/http/pattern.go,15661,0.0,0,1.0,0.0
public_gear_table,net/http/request.go,50649,0.0,0,1.0,0.0
public_gear_table,net/http/response.go,11362,0.0,0,1.0,0.0
public_gear_table,net/http/responsecontroller.go,4267,1.0,1,0.0,1.0
public_gear_table,net/http/roundtrip.go,988,1.0,1,0.0,1.0
public_gear_table,net/http/roundtrip_js.go,12084,0.0,0,1.0,0.0
public_gear_table,net/http/routing_index.go,4048,1.0,1,0.0,1.0
public_gear_table,net/http/routing_tree.go,7710,1.0,1,0.0,1.0
public_gear_table,net/http/servemux121.go,5920,1.0,1,0.0,1.0
public_gear_table,net/http/server.go,126479,0.0,0,1.0,0.0
public_gear_table,net/http/sniff.go,8094,1.0,1,0.0,1.0
public_gear_table,net/http/socks_bundle.go,13212,0.0,0,1.0,0.0
public_gear_table,net/http/status.go,7629,1.0,1,0.0,1.0
public_gear_table,net/http/transfer.go,31838,0.0,0,1.0,0.0
public_gear_table,net/http/transport.go,93192,0.0,0,1.0,0.0
public_gear_table,net/http/transport_default_other.go,362,1.0,1,0.0,1.0
public_gear_table,net/http/transport_default_wasm.go,364,1.0,1,0.0,1.0
public_gear_table,net/http/triv.go,3299,1.0,1,0.0,1.0
minimum_size_schedule,archive/zip/reader.go,28825,1.0,1,0.0,1.0
minimum_size_schedule,archive/zip/register.go,3750,1.0,1,0.0,1.0
minimum_size_schedule,archive/zip/struct.go,12393,0.5,0,0.29782941983377714,0.7021705801662229
minimum_size_schedule,archive/zip/writer.go,19809,1.0,1,0.0,1.0
minimum_size_schedule,compress/flate/deflate.go,20800,1.0,1,0.0,1.0
minimum_size_schedule,compress/flate/deflatefast.go,9580,1.0,1,0.0,1.0
minimum_size_schedule,compress/flate/dict_decoder.go,6150,1.0,1,0.0,1.0
minimum_size_schedule,compress/flate/huffman_bit_writer.go,18824,1.0,1,0.0,1.0
minimum_size_schedule,compress/flate/huffman_code.go,9911,1.0,1,0.0,1.0
minimum_size_schedule,compress/flate/inflate.go,20878,1.0,1,0.0,1.0
minimum_size_schedule,compress/flate/token.go,3680,1.0,1,0.0,1.0
minimum_size_schedule,crypto/tls/alert.go,4398,0.0,0,1.0,0.0
minimum_size_schedule,crypto/tls/auth.go,10224,1.0,1,0.0,1.0
minimum_size_schedule,crypto/tls/boring.go,393,1.0,1,0.0,1.0
minimum_size_schedule,crypto/tls/cache.go,3511,1.0,1,0.0,1.0
minimum_size_schedule,crypto/tls/cipher_suites.go,26149,1.0,1,0.0,1.0
minimum_size_schedule,crypto/tls/common.go,60569,0.8333333333333334,0,0.05960144628440291,0.9403985537155971
minimum_size_schedule,crypto/tls/common_string.go,3472,1.0,1,0.0,1.0
minimum_size_schedule,crypto/tls/conn.go,53074,1.0,1,0.0,1.0
minimum_size_schedule,crypto/tls/defaults.go,3965,1.0,1,0.0,1.0
minimum_size_schedule,crypto/tls/ech.go,7597,1.0,1,0.0,1.0
minimum_size_schedule,crypto/tls/generate_cert.go,4947,1.0,1,0.0,1.0
minimum_size_schedule,crypto/tls/handshake_client.go,39533,0.3333333333333333,0,0.4716312953734854,0.5283687046265145
minimum_size_schedule,crypto/tls/handshake_client_tls13.go,28547,1.0,1,0.0,1.0
minimum_size_schedule,crypto/tls/handshake_messages.go,53049,1.0,1,0.0,1.0
minimum_size_schedule,crypto/tls/handshake_server.go,28276,1.0,1,0.0,1.0
minimum_size_schedule,crypto/tls/handshake_server_tls13.go,31291,1.0,1,0.0,1.0
minimum_size_schedule,crypto/tls/key_agreement.go,12131,1.0,1,0.0,1.0
minimum_size_schedule,crypto/tls/key_schedule.go,6618,1.0,1,0.0,1.0
minimum_size_schedule,crypto/tls/notboring.go,237,1.0,1,0.0,1.0
minimum_size_schedule,crypto/tls/prf.go,9451,1.0,1,0.0,1.0
minimum_size_schedule,crypto/tls/quic.go,15422,1.0,1,0.0,1.0
minimum_size_schedule,crypto/tls/ticket.go,12857,1.0,1,0.0,1.0
minimum_size_schedule,crypto/tls/tls.go,12515,1.0,1,0.0,1.0
minimum_size_schedule,encoding/json/decode.go,36112,1.0,1,0.0,1.0
minimum_size_schedule,encoding/json/encode.go,37130,1.0,1,0.0,1.0
minimum_size_schedule,encoding/json/fold.go,1089,1.0,1,0.0,1.0
minimum_size_schedule,encoding/json/indent.go,5490,1.0,1,0.0,1.0
minimum_size_schedule,encoding/json/scanner.go,16524,0.5,0,0.46338658920358267,0.5366134107964173
minimum_size_schedule,encoding/json/stream.go,13221,1.0,1,0.0,1.0
minimum_size_schedule,encoding/json/tables.go,4260,1.0,1,0.0,1.0
minimum_size_schedule,encoding/json/tags.go,972,1.0,1,0.0,1.0
minimum_size_schedule,net/http/client.go,34507,1.0,1,0.0,1.0
minimum_size_schedule,net/http/clone.go,3117,1.0,1,0.0,1.0
minimum_size_schedule,net/http/cookie.go,14227,1.0,1,0.0,1.0
minimum_size_schedule,net/http/doc.go,3502,1.0,1,0.0,1.0
minimum_size_schedule,net/http/filetransport.go,3659,1.0,1,0.0,1.0
minimum_size_schedule,net/http/fs.go,32895,1.0,1,0.0,1.0
minimum_size_schedule,net/http/h2_bundle.go,372864,0.9230769230769231,0,0.05995483607964298,0.940045163920357
minimum_size_schedule,net/http/h2_error.go,812,1.0,1,0.0,1.0
minimum_size_schedule,net/http/header.go,7832,1.0,1,0.0,1.0
minimum_size_schedule,net/http/http.go,5250,1.0,1,0.0,1.0
minimum_size_schedule,net/http/jar.go,900,1.0,1,0.0,1.0
minimum_size_schedule,net/http/mapping.go,1719,1.0,1,0.0,1.0
minimum_size_schedule,net/http/method.go,517,1.0,1,0.0,1.0
minimum_size_schedule,net/http/omithttp2.go,1954,1.0,1,0.0,1.0
minimum_size_schedule,net/http/pattern.go,15661,1.0,1,0.0,1.0
minimum_size_schedule,net/http/request.go,50649,1.0,1,0.0,1.0
minimum_size_schedule,net/http/response.go,11362,1.0,1,0.0,1.0
minimum_size_schedule,net/http/responsecontroller.go,4267,1.0,1,0.0,1.0
minimum_size_schedule,net/http/roundtrip.go,988,1.0,1,0.0,1.0
minimum_size_schedule,net/http/roundtrip_js.go,12084,1.0,1,0.0,1.0
minimum_size_schedule,net/http/routing_index.go,4048,1.0,1,0.0,1.0
minimum_size_schedule,net/http/routing_tree.go,7710,1.0,1,0.0,1.0
minimum_size_schedule,net/http/servemux121.go,5920,1.0,1,0.0,1.0
minimum_size_schedule,net/http/server.go,126479,0.5263157894736842,0,0.41680437068604276,0.5831956293139573
minimum_size_schedule,net/http/sniff.go,8094,1.0,1,0.0,1.0
minimum_size_schedule,net/http/socks_bundle.go,13212,1.0,1,0.0,1.0
minimum_size_schedule,net/http/status.go,7629,1.0,1,0.0,1.0
minimum_size_schedule,net/http/transfer.go,31838,1.0,1,0.0,1.0
minimum_size_schedule,net/http/transport.go,93192,1.0,1,0.0,1.0
minimum_size_schedule,net/http/transport_default_other.go,362,1.0,1,0.0,1.0
minimum_size_schedule,net/http/transport_default_wasm.go,364,1.0,1,0.0,1.0
minimum_size_schedule,net/http/triv.go,3299,1.0,1,0.0,1.0
reset_state,archive/zip/reader.go,28825,1.0,1,0.0,1.0
reset_state,archive/zip/register.go,3750,1.0,1,0.0,1.0
reset_state,archive/zip/struct.go,12393,1.0,1,0.0,1.0
reset_state,archive/zip/writer.go,19809,1.0,1,0.0,1.0
reset_state,compress/flate/deflate.go,20800,1.0,1,0.0,1.0
reset_state,compress/flate/deflatefast.go,9580,1.0,1,0.0,1.0
reset_state,compress/flate/dict_decoder.go,6150,1.0,1,0.0,1.0
reset_state,compress/flate/huffman_bit_writer.go,18824,1.0,1,0.0,1.0
reset_state,compress/flate/huffman_code.go,9911,1.0,1,0.0,1.0
reset_state,compress/flate/inflate.go,20878,1.0,1,0.0,1.0
reset_state,compress/flate/token.go,3680,1.0,1,0.0,1.0
reset_state,crypto/tls/alert.go,4398,1.0,1,0.0,1.0
reset_state,crypto/tls/auth.go,10224,1.0,1,0.0,1.0
reset_state,crypto/tls/boring.go,393,1.0,1,0.0,1.0
reset_state,crypto/tls/cache.go,3511,1.0,1,0.0,1.0
reset_state,crypto/tls/cipher_suites.go,26149,1.0,1,0.0,1.0
reset_state,crypto/tls/common.go,60569,1.0,1,0.0,1.0
reset_state,crypto/tls/common_string.go,3472,1.0,1,0.0,1.0
reset_state,crypto/tls/conn.go,53074,1.0,1,0.0,1.0
reset_state,crypto/tls/defaults.go,3965,1.0,1,0.0,1.0
reset_state,crypto/tls/ech.go,7597,1.0,1,0.0,1.0
reset_state,crypto/tls/generate_cert.go,4947,1.0,1,0.0,1.0
reset_state,crypto/tls/handshake_client.go,39533,1.0,1,0.0,1.0
reset_state,crypto/tls/handshake_client_tls13.go,28547,1.0,1,0.0,1.0
reset_state,crypto/tls/handshake_messages.go,53049,1.0,1,0.0,1.0
reset_state,crypto/tls/handshake_server.go,28276,1.0,1,0.0,1.0
reset_state,crypto/tls/handshake_server_tls13.go,31291,1.0,1,0.0,1.0
reset_state,crypto/tls/key_agreement.go,12131,1.0,1,0.0,1.0
reset_state,crypto/tls/key_schedule.go,6618,1.0,1,0.0,1.0
reset_state,crypto/tls/notboring.go,237,1.0,1,0.0,1.0
reset_state,crypto/tls/prf.go,9451,1.0,1,0.0,1.0
reset_state,crypto/tls/quic.go,15422,1.0,1,0.0,1.0
reset_state,crypto/tls/ticket.go,12857,1.0,1,0.0,1.0
reset_state,crypto/tls/tls.go,12515,1.0,1,0.0,1.0
reset_state,encoding/json/decode.go,36112,1.0,1,0.0,1.0
reset_state,encoding/json/encode.go,37130,1.0,1,0.0,1.0
reset_state,encoding/json/fold.go,1089,1.0,1,0.0,1.0
reset_state,encoding/json/indent.go,5490,1.0,1,0.0,1.0
reset_state,encoding/json/scanner.go,16524,1.0,1,0.0,1.0
reset_state,encoding/json/stream.go,13221,1.0,1,0.0,1.0
reset_state,encoding/json/tables.go,4260,1.0,1,0.0,1.0
reset_state,encoding/json/tags.go,972,1.0,1,0.0,1.0
reset_state,net/http/client.go,34507,1.0,1,0.0,1.0
reset_state,net/http/clone.go,3117,1.0,1,0.0,1.0
reset_state,net/http/cookie.go,14227,1.0,1,0.0,1.0
reset_state,net/http/doc.go,3502,1.0,1,0.0,1.0
reset_state,net/http/filetransport.go,3659,1.0,1,0.0,1.0
reset_state,net/http/fs.go,32895,1.0,1,0.0,1.0
reset_state,net/http/h2_bundle.go,372864,1.0,1,0.0,1.0
reset_state,net/http/h2_error.go,812,1.0,1,0.0,1.0
reset_state,net/http/header.go,7832,1.0,1,0.0,1.0
reset_state,net/http/http.go,5250,1.0,1,0.0,1.0
reset_state,net/http/jar.go,900,1.0,1,0.0,1.0
reset_state,net/http/mapping.go,1719,1.0,1,0.0,1.0
reset_state,net/http/method.go,517,1.0,1,0.0,1.0
reset_state,net/http/omithttp2.go,1954,1.0,1,0.0,1.0
reset_state,net/http/pattern.go,15661,1.0,1,0.0,1.0
reset_state,net/http/request.go,50649,1.0,1,0.0,1.0
reset_state,net/http/response.go,11362,1.0,1,0.0,1.0
reset_state,net/http/responsecontroller.go,4267,1.0,1,0.0,1.0
reset_state,net/http/roundtrip.go,988,1.0,1,0.0,1.0
reset_state,net/http/roundtrip_js.go,12084,1.0,1,0.0,1.0
reset_state,net/http/routing_index.go,4048,1.0,1,0.0,1.0
reset_state,net/http/routing_tree.go,7710,1.0,1,0.0,1.0
reset_state,net/http/servemux121.go,5920,1.0,1,0.0,1.0
reset_state,net/http/server.go,126479,1.0,1,0.0,1.0
reset_state,net/http/sniff.go,8094,1.0,1,0.0,1.0
reset_state,net/http/socks_bundle.go,13212,1.0,1,0.0,1.0
reset_state,net/http/status.go,7629,1.0,1,0.0,1.0
reset_state,net/http/transfer.go,31838,1.0,1,0.0,1.0
reset_state,net/http/transport.go,93192,1.0,1,0.0,1.0
reset_state,net/http/transport_default_other.go,362,1.0,1,0.0,1.0
reset_state,net/http/transport_default_wasm.go,364,1.0,1,0.0,1.0
reset_state,net/http/triv.go,3299,1.0,1,0.0,1.0
arithmetic_width,archive/zip/reader.go,28825,0.0,0,1.0,0.0
arithmetic_width,archive/zip/register.go,3750,0.0,0,1.0,0.0
arithmetic_width,archive/zip/struct.go,12393,0.0,0,1.0,0.0
arithmetic_width,archive/zip/writer.go,19809,0.0,0,1.0,0.0
arithmetic_width,compress/flate/deflate.go,20800,0.0,0,1.0,0.0
arithmetic_width,compress/flate/deflatefast.go,9580,0.0,0,1.0,0.0
arithmetic_width,compress/flate/dict_decoder.go,6150,0.0,0,1.0,0.0
arithmetic_width,compress/flate/huffman_bit_writer.go,18824,0.0,0,1.0,0.0
arithmetic_width,compress/flate/huffman_code.go,9911,0.0,0,1.0,0.0
arithmetic_width,compress/flate/inflate.go,20878,0.0,0,1.0,0.0
arithmetic_width,compress/flate/token.go,3680,0.0,0,1.0,0.0
arithmetic_width,crypto/tls/alert.go,4398,0.0,0,1.0,0.0
arithmetic_width,crypto/tls/auth.go,10224,0.0,0,1.0,0.0
arithmetic_width,crypto/tls/boring.go,393,1.0,1,0.0,1.0
arithmetic_width,crypto/tls/cache.go,3511,0.0,0,1.0,0.0
arithmetic_width,crypto/tls/cipher_suites.go,26149,0.0,0,1.0,0.0
arithmetic_width,crypto/tls/common.go,60569,0.0,0,1.0,0.0
arithmetic_width,crypto/tls/common_string.go,3472,0.0,0,1.0,0.0
arithmetic_width,crypto/tls/conn.go,53074,0.0,0,1.0,0.0
arithmetic_width,crypto/tls/defaults.go,3965,0.0,0,1.0,0.0
arithmetic_width,crypto/tls/ech.go,7597,0.0,0,1.0,0.0
arithmetic_width,crypto/tls/generate_cert.go,4947,0.0,0,1.0,0.0
arithmetic_width,crypto/tls/handshake_client.go,39533,0.0,0,1.0,0.0
arithmetic_width,crypto/tls/handshake_client_tls13.go,28547,0.0,0,1.0,0.0
arithmetic_width,crypto/tls/handshake_messages.go,53049,0.0,0,1.0,0.0
arithmetic_width,crypto/tls/handshake_server.go,28276,0.0,0,1.0,0.0
arithmetic_width,crypto/tls/handshake_server_tls13.go,31291,0.0,0,1.0,0.0
arithmetic_width,crypto/tls/key_agreement.go,12131,0.0,0,1.0,0.0
arithmetic_width,crypto/tls/key_schedule.go,6618,0.0,0,1.0,0.0
arithmetic_width,crypto/tls/notboring.go,237,1.0,1,0.0,1.0
arithmetic_width,crypto/tls/prf.go,9451,0.0,0,1.0,0.0
arithmetic_width,crypto/tls/quic.go,15422,0.0,0,1.0,0.0
arithmetic_width,crypto/tls/ticket.go,12857,0.0,0,1.0,0.0
arithmetic_width,crypto/tls/tls.go,12515,0.0,0,1.0,0.0
arithmetic_width,encoding/json/decode.go,36112,0.0,0,1.0,0.0
arithmetic_width,encoding/json/encode.go,37130,0.0,0,1.0,0.0
arithmetic_width,encoding/json/fold.go,1089,1.0,1,0.0,1.0
arithmetic_width,encoding/json/indent.go,5490,0.0,0,1.0,0.0
arithmetic_width,encoding/json/scanner.go,16524,0.0,0,1.0,0.0
arithmetic_width,encoding/json/stream.go,13221,0.0,0,1.0,0.0
arithmetic_width,encoding/json/tables.go,4260,0.0,0,1.0,0.0
arithmetic_width,encoding/json/tags.go,972,1.0,1,0.0,1.0
arithmetic_width,net/http/client.go,34507,0.0,0,1.0,0.0
arithmetic_width,net/http/clone.go,3117,0.0,0,1.0,0.0
arithmetic_width,net/http/cookie.go,14227,0.0,0,1.0,0.0
arithmetic_width,net/http/doc.go,3502,0.0,0,1.0,0.0
arithmetic_width,net/http/filetransport.go,3659,0.0,0,1.0,0.0
arithmetic_width,net/http/fs.go,32895,0.058823529411764705,0,1.0,0.0
arithmetic_width,net/http/h2_bundle.go,372864,0.004694835680751174,0,1.0,0.0
arithmetic_width,net/http/h2_error.go,812,1.0,1,0.0,1.0
arithmetic_width,net/http/header.go,7832,0.0,0,1.0,0.0
arithmetic_width,net/http/http.go,5250,0.0,0,1.0,0.0
arithmetic_width,net/http/jar.go,900,1.0,1,0.0,1.0
arithmetic_width,net/http/mapping.go,1719,1.0,1,0.0,1.0
arithmetic_width,net/http/method.go,517,1.0,1,0.0,1.0
arithmetic_width,net/http/omithttp2.go,1954,1.0,1,0.0,1.0
arithmetic_width,net/http/pattern.go,15661,0.0,0,1.0,0.0
arithmetic_width,net/http/request.go,50649,0.0,0,1.0,0.0
arithmetic_width,net/http/response.go,11362,0.0,0,1.0,0.0
arithmetic_width,net/http/responsecontroller.go,4267,0.0,0,1.0,0.0
arithmetic_width,net/http/roundtrip.go,988,1.0,1,0.0,1.0
arithmetic_width,net/http/roundtrip_js.go,12084,0.0,0,1.0,0.0
arithmetic_width,net/http/routing_index.go,4048,0.0,0,1.0,0.0
arithmetic_width,net/http/routing_tree.go,7710,0.0,0,1.0,0.0
arithmetic_width,net/http/servemux121.go,5920,0.0,0,1.0,0.0
arithmetic_width,net/http/server.go,126479,0.0,0,1.0,0.0
arithmetic_width,net/http/sniff.go,8094,0.0,0,1.0,0.0
arithmetic_width,net/http/socks_bundle.go,13212,0.0,0,1.0,0.0
arithmetic_width,net/http/status.go,7629,0.0,0,1.0,0.0
arithmetic_width,net/http/transfer.go,31838,0.0,0,1.0,0.0
arithmetic_width,net/http/transport.go,93192,0.0,0,1.0,0.0
arithmetic_width,net/http/transport_default_other.go,362,1.0,1,0.0,1.0
arithmetic_width,net/http/transport_default_wasm.go,364,1.0,1,0.0,1.0
arithmetic_width,net/http/triv.go,3299,0.0,0,1.0,0.0
